"x","y","z"
0,0,1
0.126841474545359,-0.96640486743142,5.10177581920289
-0.865861217977259,-0.505692833682804,3.86498225061223
0.251625841912919,-0.76497214736148,5.53243209910579
0.789170196038089,0.425852054698069,6.78943440900184
0.38048363217544,0.734394588365714,7.08854083833285
0.777450472457609,-0.467236994415903,5.82829035026953
1.19194488390076,0.635447991120057,6.72252276982181
1.43381830364379,0.0987887399819757,6.47047225059941
-0.301714661698654,-0.761896373081539,4.40738961962052
-0.493455259668789,0.491130321303622,8.92511136434041
0.33351353389931,1.28891686736612,1.17598135233857
0.488050982390011,1.24749669301752,7.22988693555817
0.993673597581929,0.409714321437758,6.6499794786796
0.434901432613549,-0.834339191050289,5.36838726117276
-0.712208647324317,0.656189725350897,2.32294494565576
0.617748715499562,0.976389020270847,7.43046937999316
-0.779960425690643,0.227707103437852,2.95840826025233
-0.610248324992424,0.814873653152688,2.25105620152317
-0.133441906822252,0.875874271302939,7.85815568338148
-0.177327567206571,1.24566193722862,1.50914872647263
0.104695348362833,0.738876545028472,1.27680169790983
-1.21766256092922,0.68047261998243,8.96584035200067
-0.292698134721889,0.965063828815226,7.99244238249958
0.448113411106217,0.67790132295958,6.92822738271207
0.428152639237183,-1.07853865551149,5.23423780105077
0.828792691123933,0.589826345267156,0.61067840619944
-0.821255121099241,0.578200076119095,2.53952448070049
1.10686769513043,-0.334753636058986,5.99810466379859
-0.477423481026049,1.07945019273003,2.17917602998205
0.564071911983783,0.592026815238137,6.82222149102017
0.271443555259205,1.17090871307683,1.17589749349281
-0.102499352741557,0.964709451000277,1.75579898036085
0.389549751784355,0.813594138276608,1.09399226610549
1.0429757076947,0.372409613669961,0.0735115120187402
-0.622978070850123,-0.42733878297715,3.5864398945123
0.59292195944494,0.731088338723786,7.33288688817993
-0.737525475198091,0.676032918206709,2.21017276891507
-0.19712038667105,-0.826662191720348,4.43907659989782
1.10745100071961,0.329756496479981,0.377707680221647
0.607938923392603,0.742749632675851,7.01156515069306
0.457888568431018,1.09488082898214,1.15061258571222
-0.628004813665282,-0.613599127660729,3.71831799088977
-0.675528693424195,0.935322668196858,2.28613211307675
0.80221924268728,-0.134900405581311,0.180262670153752
-0.750579804579307,0.15458897215774,3.34330573375337
-0.488663031397615,-0.0711943710605557,3.65180170931853
-0.493613123725527,1.05517934392726,2.07466291543096
-0.495822233792921,0.762919174649522,1.82534491550177
0.600034067053773,-0.609060689929772,5.11821244843304
-0.0519231605288231,0.96035578139483,8.19286744832061
-0.413988678923088,-0.878706225797747,4.31605785037391
0.26733121337329,0.993273687022132,8.20067221974023
-1.04611547941707,0.802408380465785,2.2755241272971
-1.12020035693268,0.488100334783311,2.86165603785776
-1.20060621498084,0.597938754411161,2.75864417874254
-0.836636304998994,0.709701457256058,8.856104335282
1.11167805261263,0.436444787448496,6.56700655608438
0.24937545366442,1.07720983824692,1.26149816997349
0.855705142572034,-0.205324010718851,6.12207213579677
-0.456346188783165,0.547116251074805,8.48695761873387
0.838609642609927,-0.595577329263685,5.28201664821245
0.105039846509878,1.09743102285335,7.77149882842787
0.710871660713773,0.315144487422388,6.85162810538895
0.228365125466806,-0.610729825376578,5.32148158201016
-0.779277785969799,-0.321476397616101,3.40832244465128
-0.59387848068494,0.806685562414148,8.46314860275015
0.838124640212825,0.607122417733324,0.695996505673975
-0.174816845222595,-0.816409040785738,4.29177679284476
-0.690737722032363,0.550318732159664,8.74500836315565
1.09473345565848,0.343177260059103,0.549596590222791
1.15636895100307,0.672449694485236,6.76326243393123
0.805635662031995,0.622656098095604,0.596645882818848
-0.317900513954688,-1.0054227100743,4.53820091346279
-0.516300305456695,-0.233747700142872,3.54012733977288
-0.596101254283996,0.834740078378222,8.73121992079541
0.675352248288921,0.756943999420653,7.03853938286193
0.861829113226664,0.221576598906358,6.57019738736562
0.43853553632646,-0.849021167221295,5.07678751973435
-0.0871902435394723,0.84375480196573,7.42594489362091
-0.558378865975374,0.880290489297531,2.40618487377651
0.82980812811692,-0.018286384505847,6.09630820434541
-1.24037487277835,0.0547242694657238,2.96025792416185
-0.87202735541167,0.166256945127728,2.67409467464313
-0.452517623237153,0.639994901077708,2.37726405356079
0.740120789033289,-0.701055875609088,5.61273664073087
0.105070746453307,0.81606078230105,7.72786844079383
0.978817775997351,0.273150341765373,6.61225446662866
0.100377180848767,0.953932332992455,7.33183806063607
-0.257186963275535,-0.956565234978711,4.07367618964054
1.10603256345553,0.164156647040587,6.32687946176156
-0.544579793242734,0.709355842361387,2.04728473420255
-0.536674812062626,0.930681280789391,8.09678134415299
-0.472704781952045,0.68876549640231,8.42368019465357
0.163186155356343,1.30756519981117,1.26605969597585
0.625580365382252,-0.843623772191829,5.45518442289904
-0.970548067820954,-0.0194800193579539,3.03570291073993
0.305203583742438,-1.25156340927618,4.82079130341299
0.528998651536283,-1.16863540131812,5.47904118429869
-0.718087152978435,0.806822861760791,8.73080678516999
-0.376116285370219,0.83320534575901,1.93701741588302
-0.9848874933481,-0.670741406755248,3.75282394979149
0.940894010082267,0.653448514463863,0.510852982057258
1.07157155747009,0.738759601483726,0.668837936595082
0.0991643374166911,0.960177282908811,1.46031328383833
-0.786779399726407,-0.845374679962647,3.93152218800969
0.956343442505073,0.0437181490770697,0.0922255106270313
-0.568529901407005,0.495380483157931,2.48395119071938
0.584015495095651,0.922473022990294,1.06727161165327
0.174053282073612,0.982399040822552,1.2352373865433
0.866863989171452,0.293525489191373,6.80035836528987
-0.223501985501249,0.94393899668826,2.46472768345848
-0.081326609950967,-0.920944173858345,4.85800625360571
0.683325894438673,0.727527891602896,1.09966818918474
-0.658274250255646,0.715706623755807,8.42938472516835
-0.847825664189068,0.0967632536538102,3.10365982772782
1.27887360405455,0.000206164102246401,0.117677235044539
0.421598460185151,1.1448365273767,1.30162787251174
-0.901469557905489,0.540709252471888,2.65292927529663
0.605712177218169,0.48353634555753,7.12028925586492
-0.610573213200388,-0.105105145708304,3.50592058966868
-0.716279868806143,-0.229483555021039,3.39948776992969
1.00561156337358,0.0645786855893629,0.109375969972461
0.363888387442773,0.677810109731819,7.41985524818301
-1.10839849565174,0.301338111868637,2.82977626123466
-0.840752502598708,0.894374759900235,2.47918456164189
-0.789218640411942,0.441906583148587,2.43247563298792
0.909951375965816,0.558817632721293,6.80659245606512
-0.561616003246697,-0.64532263014731,3.84445384237915
0.27288283727491,0.976322794141727,7.73212299216539
0.901613681268617,-0.183017333328941,6.09287714981474
-1.05791136599814,0.0890193882666405,2.90668275626376
0.584044253121591,-0.602250482772047,5.43660841975361
0.310616549191475,1.18733325859552,1.42449727328494
-0.741284970006488,0.485614608674681,8.62912074616179
1.02595154001991,0.39901743358004,0.300688211806118
-0.689572817018913,0.683233194837896,2.40731585444883
1.03586714594019,-0.184270855967261,5.81174836470746
0.895930778162484,0.181087594645269,6.40701943309978
-0.978031716281692,-0.33605764646641,3.55751717998646
1.12814505401584,0.0787152252523474,6.52738203085028
1.06402057468474,-0.0169418626688819,0.206379192648456
-0.954081812162868,0.795746237760445,8.76513184374198
-0.855105755378193,0.342088006237798,2.88315608049743
0.875132491011324,0.212832651410493,0.232058741385117
1.10286025050753,-0.326624774742982,5.89706041663885
1.27656781775091,-0.398207482884489,6.04786062799394
-0.0905178592927241,1.07488178792833,1.90655464190058
-0.208920701271049,-1.11218555772376,4.47811323939823
0.324470691946126,0.943391008191934,7.39078917377628
0.195891748453327,-1.02406809850155,4.76222984399647
1.3312657664928,-0.367977888729151,5.98430308699608
0.858800123077406,0.760426717330032,0.688870500773191
-0.781563901498963,0.185867632860134,3.43244624929503
0.553328947731224,-0.498871805365282,5.69657361810096
0.761595460846516,0.953294466692666,1.00583487027325
0.550874698483649,-0.775727076117218,4.79827670892701
-0.85652659496269,0.751693688758038,8.72007649485022
-0.94080075138528,-0.57011700861323,3.7017838570755
0.855803059842972,0.39040975995405,0.398602308472618
0.228947718400854,1.20358390233901,1.26179671660066
-0.193181993415462,0.952766701355506,7.99250885518268
0.783207945475811,0.0999515008531438,6.38059228775091
0.581239726065253,0.56289209459553,6.88518703705631
-0.358324877185619,0.78696961990479,8.21115099848248
-0.64356731244052,0.685065397893326,8.57892244798131
0.597295052013253,0.953757705692361,7.78388384263963
1.00933874084649,0.577153727774683,6.94197939313017
0.168658827373365,1.00840093069794,1.49732601223513
-0.924633625385422,0.587034459945044,8.79994048574008
0.50569643504504,-0.811688631816555,5.45232621906325
0.933109921606455,-0.0146150544046336,0.049345942446962
-0.696353537219828,0.458811368561451,2.36581797176041
0.885014142571471,0.378420728330558,6.59918908076361
1.13872061115616,-0.28548774194595,6.10666002240032
0.92065942873424,1.00551580095584,0.546431780559942
1.03833894382,-0.272324239012476,6.0712319787126
0.550616997559631,0.971409788990131,1.27781781926751
0.116870543251388,0.816336116912265,7.75639303168282
0.489426455315252,1.44233618014963,7.41097550606355
1.04659942409885,-0.0290565329972631,6.09123621834442
-0.416741562789896,1.02593178664056,8.45242694788612
0.224128019428234,-0.858891262801777,4.76444802246988
1.09903123731828,-0.193443165241045,6.02571130217984
-0.074043947451742,1.01809848234601,7.76050198101439
-0.392973316268372,1.27247352950286,1.77636122843251
0.822839917094118,-0.388123383909938,5.89071614784189
-0.741586565168896,-0.608557812341888,3.7273924970068
-1.05371539085422,0.372744185709142,2.78005276643671
0.0781457681711794,0.884462682417911,1.47831429471262
-0.755468047144549,-0.345021120316622,3.63504398404621
0.991828071134064,0.556608456980937,0.310317503521219
0.130316910888794,1.19803919954868,7.72330865822732
0.258421817262388,-0.884600458345578,5.19492481648922
0.730813730859174,0.466748398135189,6.88788967696019
0.971796317596347,0.440678133978455,6.63018413912505
-0.803388017518581,-0.882667219677584,3.87673905375414
-0.369001177750519,0.738467606807439,2.19677696214058
-1.26702487197431,-0.449005680105124,3.60097449389286
0.399453831282641,0.902731382590333,1.03585537313484
0.908900090969654,-0.202335898116266,6.11039360496216
-0.82328675896562,0.639650097112518,2.4643514114432
-0.606272670058241,1.05383678426608,8.23349737445824
-0.629305797109369,0.680051658589035,2.42509686131962
0.75675181185042,-0.310317596927398,5.43531777849421
-1.04793067358551,0.443313277398346,2.51423413306475
-1.32460593638188,-0.0411440002346017,3.25865036202595
0.349483484520606,0.840440636723155,6.70855134632438
0.168147173454041,0.607020680173459,0.847469314467162
-0.597253863394722,-0.785216365070396,4.13715908140875
0.225060744130539,-0.724231291979561,5.31031770841219
0.647659816807633,0.977640056078481,7.03596787154675
0.0564583521653931,-0.684325278117718,5.21866181725636
-0.664806730354174,-0.57110115389883,4.16532546957023
0.642276663678317,0.145321679561021,6.38238429045305
0.60366345770674,0.517626631455741,0.614908673102036
-0.43451876546365,-0.936308061554812,4.38513902784325
-0.282368197295426,0.638507522195212,1.97413433133624
0.889595647084826,0.603183365618072,7.14994827238843
0.566934012326975,-0.528003558974622,5.26521960552782
-1.09486733843074,-0.0178979036905196,3.44126784405671
-0.759953643199837,0.790940140982845,2.11646024580114
-0.130037990134231,0.954943303802056,8.15323381614871
0.287922577636048,1.2380474900072,1.20686085359193
1.02833049314136,-0.134472309649596,5.98113337391987
-0.526132729353339,-0.800646001414549,4.03611938352697
-0.20340568041797,1.09657529011206,1.75577887636609
-0.779053437894392,0.800869542008304,2.26067917328328
0.0585596979180172,0.882403426194475,1.72232425748371
-0.944550389828837,0.588800673500665,8.88201877847314
-1.33278059393237,-0.255797805030248,3.4018783243373
1.10705783207551,-0.515961651557561,5.95404548943043
-0.757850806464832,0.272519302248121,2.70094872289337
-0.145553807431317,0.730020602962933,7.99783733789809
-0.587669998907416,-0.933392936914327,4.09935871814378
-0.890792137244981,0.543920482521108,8.74227873142809
-0.705644250052143,0.826750856926887,8.73173168627545
0.483720541166395,-0.582640698948549,5.57391382567585
-0.436514680713785,1.14146157961511,8.6574363342952
-0.806036906459496,-0.247373605487759,3.53301642229781
0.80267567557897,0.855130289155247,7.19306077575311
-0.839040144316204,0.777957531431725,8.81242512515746
-0.812761898856455,0.474243983383072,8.84294471377507
-0.379851336460689,-0.660223208835698,4.41563293430954
0.102634227979092,0.922152273597117,7.48018424981274
-0.452704434237991,0.786889126114773,1.96871050866321
0.799737276547218,0.502658648451853,0.775029097683728
0.968989170395011,0.325639038155323,6.27989984792657
0.656546630856539,1.00788787845395,0.947032313793898
0.803285818777016,0.00829919390538342,5.89638130227104
0.391108430557608,1.28710281988209,7.54596984945238
-0.490509133929597,0.74496984339446,8.59339214628562
0.884909857493298,0.426136729320843,6.86742873466574
0.412187885030951,0.944554983331841,7.32242311513983
-0.26115110847055,1.01380943883699,2.02048811037093
0.996707967247537,0.501427702823111,0.616425066255033
-0.196095736847622,0.955844667857601,8.28790605347604
0.84222954899734,0.677753332869194,6.92726337583736
0.761222463945925,-0.142096682152598,6.23009564378299
0.299519814941776,-0.843063289926492,4.89945829776116
-0.902366842188513,0.692230902213428,8.69429592113011
-0.917886958911796,0.276376308550083,8.95197078119963
-1.01746674425122,0.564098813834269,8.94063380453736
-0.0772705030492494,-0.710369160230413,5.1034037147183
0.775451697773491,0.774844941666447,7.06337476498447
0.833772615742305,0.288940471763561,0.115991965401918
-0.777764262827034,-0.84453146042911,3.85381736280397
0.798546356928964,-0.0280688893571951,6.42875279858708
0.71397437020364,-0.436786594338176,5.95550766843371
-0.462756758404191,0.705451734572991,1.87395969196223
-0.658619242176995,-0.845290902570838,4.09118909924291
0.948103983517625,0.602932513128264,6.56904119392857
1.3363230929151,-0.339743657070372,5.79476839327253
-0.74708231963109,0.60451301408507,2.37257469096221
-0.725750585285226,-0.122410892309779,3.36849826877005
-0.258955827274043,1.09310409212469,2.12529081339017
-0.665957729371961,-0.558570499041762,3.98683498101309
-0.129602114214767,-0.942089938105063,4.67438427382149
1.23700519953708,0.277634595084696,0.277345277834684
-0.247208885534244,1.3965097936742,1.60317137162201
1.09223415165861,-0.555708117648193,6.06946774735115
-0.0735415512473902,1.21784191482455,1.40974156768061
0.247947224827707,1.04218010234626,7.82083660690114
-1.17836802867295,-0.75806290491115,3.93189712101594
0.971816717253189,0.0883814947959322,0.0158899447415024
0.00377234805203749,-0.738082421438108,4.58394560473971
-0.12571572429818,0.968466967753654,1.7534198127687
0.843476211087605,-0.626005929347946,5.53835887159221
-0.0560106428562008,-0.947592855903891,5.12778097135015
0.156834826631168,-0.847662827142279,5.02573926304467
-0.136166590021455,0.635698284063518,7.92696190718561
0.605264196707822,0.927577968199816,0.862395813921466
-0.528421702388522,-0.614441946580771,3.64695618557744
-0.664039114060613,0.603145327455554,2.55131097463891
-0.300657585290156,-0.720304658631879,4.30719836312346
1.01566413774606,-0.653526870059886,5.66975286905654
0.691446261088098,-0.97812954795638,5.21845471090637
-0.12144877710646,0.936344594028899,1.75878590717912
0.172907999809571,0.824705933685519,7.93469171924517
0.97345913762542,-0.107920794999066,6.31728566111997
0.897754477480572,0.0322149360902216,6.4557126138825
0.743277589316513,-0.714413474934061,5.3489861371927
0.951091525492809,0.241414887282955,6.92604684527032
1.06292111477523,-0.344929907113432,6.21730122179724
-0.572199647880718,-0.66014854118782,4.04260308528319
0.957653752833418,0.0866118819440442,0.317031275946647
0.0677972379739738,0.695116742505691,7.55600664205849
-0.00771099553382071,-0.709118429930493,4.81146584730595
-0.34506764548031,0.540972393564473,2.09673055331223
-0.734054694524278,0.60851331635131,8.53047331888229
0.219511548019351,1.22327726220348,7.90002521756105
-0.718756795153716,0.285624906200972,2.81295715318993
0.42164212142752,-0.989291079624241,5.19430376356468
-0.0833229802677681,1.1504863696046,7.8585138253402
-0.113528093759389,1.05003141425742,1.93680550879799
-0.776121160149384,0.602287068333061,2.53506692382507
0.829168149897269,-0.541363219574945,5.92716952878982
-0.968721694258057,-0.0504980670426446,3.33224414451979
-0.28086580170291,1.04348494452505,8.34154909593053
-0.879082821229594,-0.40049755981801,3.47381499409676
-0.224785571878897,1.25339053354322,1.74105766229331
0.345335175047271,0.799680892471629,1.13896464253776
-0.189971699095507,0.715384812611732,8.10867381258868
-0.301043503722292,-0.812785951016153,4.43214070913382
-1.0769294096687,-0.101917610201776,3.38573365355842
0.304914148354984,-0.885189027884031,5.07241204474121
0.0110565258154042,-1.08268330348713,4.6889875754714
-0.126249070637046,1.0022051355143,1.88170545059256
0.100768520982236,0.674112055901547,7.55296749807894
-0.770251786793986,-0.700035278710293,3.85258695809171
-0.790346163614114,-0.421227478165758,3.52600954729132
0.748216694040903,0.287586221417046,6.8919107336551
0.469709945371044,-0.860416627541289,5.39170578494668
-0.660028982742429,0.550626312012134,2.20196953020059
0.161445108132471,-1.11209478420678,4.81885860208422
0.880835247728852,0.407533875945766,6.50243825186044
0.807216811451668,0.941994709398789,0.58994323736988
-0.897115926949167,-0.327972113449862,3.73199229897
-1.30346695464461,0.2426169364469,3.10556111787446
-1.48584058965365,-0.55628939364576,3.27159572951496
-0.0380630870043676,0.851525595686334,7.91274895495735
0.788438553439082,-0.225962726198236,5.8153508186806
-1.05859927333841,0.12463801853971,3.18876584409736
0.702131784801288,0.709291475745471,0.680648694047704
1.00236330755011,-0.688367973639439,5.74533823993988
0.982186832153471,0.230953902897232,6.3840264310129
-0.293244748124231,0.611422228552401,8.22948797279969
0.857734472032133,-0.650435914347126,5.71439541969448
-0.350142297457345,0.829262481938425,8.40495406952687
0.223535825594705,0.932953814271881,1.2538723081816
-0.190583301423451,0.647440116811707,1.66867317887954
0.787684928345817,0.105813013985999,0.0337768758181483
-0.259729049969188,0.618532436581606,8.33071079850197
0.96111891487884,0.321649467980407,6.31970802275464
0.929804204578213,0.736364350180447,6.7232572529465
-0.0190933889708913,-1.08879852880319,4.85462056822143
-0.356347048921256,-1.20440898949786,4.38200569851324
-0.541791150675518,-0.755944126301512,4.10104859992862
-1.05977416329295,-0.745370961289561,3.50871142814867
-0.557527031264714,1.16212000574921,8.43356953072362
0.0260917514207778,0.984839815805666,7.8927847368177
0.103642874328007,-1.19245410276806,4.57446694420651
0.699908857167512,-0.413937221732754,5.63361663836986
-0.650059226954423,0.487285767207048,2.28226355253719
0.691809051826931,0.37431526127177,0.446570905158296
0.69559347293849,0.390423416448449,0.358021999010816
-0.667159143478691,0.566911584418679,8.51503972476348
0.0867935329097846,-0.903758527733029,4.6937923966907
0.00181132837501347,-1.15523101932228,4.78518367744982
0.945890904889633,0.28009736285782,6.34536616620608
-0.949018635212943,0.871275480140324,8.77224951703101
0.901776385874979,0.42593903138517,6.69018252077512
1.08986457666916,0.0944891870896603,0.10839926241897
-0.280571364519088,0.817684389970503,7.90109954704531
-0.480395538660124,0.924894423909137,2.11851254012436
-0.206314640302875,0.901750623126794,1.93937829206698
-0.538509129918464,0.724474773408353,2.35933241760358
0.313155327694024,-1.02544537147835,4.56506636948325
0.255778527634899,1.08268088855869,1.27154244761914
0.336248778190616,0.92044661725567,1.17330162017606
0.774940012721965,0.582920400586931,6.87553547462448
0.114969604365635,0.698059912071114,1.5290763869416
-1.0702492534375,0.053260333767796,3.0281837338116
0.63366944755156,0.946671081466447,7.03583769849502
0.643640922900212,0.331402724048758,6.86565439892001
1.0740447651433,-0.512829113623523,5.71522409655154
-0.303178648211084,-0.96886145542124,4.47804062697105
0.0640344511316217,-0.997265914250841,4.67704589059576
-0.0563529359801348,-1.24138606740889,4.73741531395353
-0.545248715904826,-0.814388287838557,4.05880677723326
-0.771636241257284,-0.698875605082822,3.70937390509062
-0.866882639256022,0.612858247228093,8.78288157563657
0.178860253302019,-0.982610295979514,4.87590033654124
0.0265746252279769,1.23875380079048,7.82011176715605
-0.80837304201293,0.398816776327197,2.70891299983487
0.818123372264217,-0.0305125077648919,0.0368021435569972
1.22000741638998,0.0142391073544369,0.032118922797963
-0.179924489972353,0.801847932099269,1.63691275427118
-1.04467040152066,-0.000370997568800627,3.13809689576738
0.236370632291464,-0.788074065831332,4.76429750653915
-0.37295494930172,-1.14252371825126,4.64473391580395
0.653549483545072,-0.666563034427561,5.64486363949254
-0.0647824988668115,1.10452463056609,7.85090064327233
0.744208141736255,0.246531626603736,0.296558435540646
0.0669193021131679,-0.866858872896233,4.65607033716515
0.573840817426511,0.966186552052835,0.836551189888269
0.535130907898736,-0.773612839227494,5.36314246966504
-0.79329340021421,0.571194981109009,8.7890795362182
0.436760183878419,-1.12792279400764,5.45463115652092
0.729417537310522,0.0644699165474949,0.356512667611241
0.754145720670579,0.689513119820601,0.768025124911219
-0.798472304078996,0.0449912473435641,3.34300883836113
0.876732943348244,0.495714611624799,0.366616949206218
0.552844187689436,-1.39715310667892,5.36267414339818
-0.672079224800948,-0.220072179396504,3.68856196431443
0.399993009759505,0.785030490261816,7.52393797086552
0.866230448225808,0.142850373214325,6.26485885377042
-0.211584514411139,-1.09863302298025,4.77968612336554
-0.762391619087849,0.491789542228678,2.43467158894055
-0.764645237321365,-0.888801957050248,3.95891044847667
-0.813205537010966,0.685527369392033,8.73596571665257
0.0421296922383928,-0.865840576446462,4.79172569629736
0.705963210733496,0.0446052237307155,0.104037812445313
0.717803105710108,-0.711349591946,5.54224804742262
1.05748332033218,-0.896933797046868,5.6026835097
-0.868170299119297,-0.781598714016,4.08655014541
0.873336580034372,0.298928641467364,6.62027452513576
-0.144851632091536,1.46516680454086,7.70922853401862
-0.910003786680448,0.0555715677697601,3.0605558026582
0.793932524854548,0.296929053716772,0.453030376927927
0.215285927647178,-0.928488891263894,4.92521844059229
0.740505675202853,0.591603362491772,0.618078920524567
-0.825503173062685,-1.07901150830172,4.36905028740875
-0.396709363602369,1.16256890691637,2.06106357718818
-1.03451588772824,-0.288906174778538,3.38245423394255
0.452352476621133,-0.664442394137674,5.4285383024253
-0.386741681911287,-1.21025005464275,4.71597039490007
-0.776769876812781,-0.353348245094171,3.53491493593901
0.723990025718697,-0.960193746833697,5.50699908100069
0.413036853045545,-0.787509193203624,5.58525908575393
-0.791789444433732,-0.961896254576376,3.86762355174869
-1.31682227482615,0.122663108742283,2.86288120807149
-0.902780219555941,0.192586558688365,3.11549829994328
-0.403621350310818,-0.871410450382651,4.29811970377341
1.15367851030467,0.235076647029082,0.0875034523196518
-0.842319177031269,-0.852168489290953,4.15497061936185
0.38489929086361,-1.16803747234326,5.04569503851235
0.745949114303392,0.624297477252414,7.03978749224916
0.677579119533249,0.57771860219143,0.696518647950143
-0.501349213978594,0.779630531655717,2.24141027592123
-0.736906209623538,-0.84632070335937,3.83921341784298
-0.727754776346372,0.696005751581149,2.58381729852408
1.05208496591917,0.466979008200967,0.0207129442133009
-0.498212422322643,0.775318213759919,8.14022035826929
0.235682961095877,-1.02952633882149,4.7332475152798
0.865077010401549,0.350057980053038,6.42298275930807
-0.726025742281367,-1.14186498454083,3.78279308625497
0.395274294909716,-0.699702242531948,5.30498324311338
-0.306436458452394,-0.64789888133905,4.50602286471985
0.569953091014201,0.65747248478443,0.907705618534237
0.497132149936525,1.13929194337537,7.33724195114337
0.446142694770881,0.582601146830947,7.09405875415541
-0.970971177164761,0.557934182901355,2.58567588287406
1.16821861111335,0.0588703886047236,6.02256150031462
-0.82384593552785,-0.738268833100405,3.87241944833659
0.324665475894359,-1.15251686871443,5.03555555082858
0.504305321515068,0.865050749985046,7.49421687377617
0.314235884540628,1.3805659215613,1.36156741320156
-0.528159799777515,-1.07622825067505,4.31804422102869
0.620415952006542,-0.930399540850532,5.38914244808257
0.787012195377411,0.598545291999686,6.85112741449848
-1.1643174185303,-0.36234307821529,3.67611346556805
-0.509862534025605,0.902292179407501,1.83408731175587
-0.924190585727715,-0.429023366268183,3.58459391864017
-0.656022147439019,0.569046813654142,2.58624866232276
-0.124647462733636,0.604731968379228,1.76766535383649
-0.587097355783826,-0.81148075362673,3.75790080148727
1.29211224233831,0.254764209646796,6.51434171106666
-0.715142675431136,-0.791730923944407,3.902552543208
-0.826684592536464,-0.809789777375248,3.98456390644424
-0.488619750690356,0.813815155438208,2.17023814050481
0.313139698291126,0.655224340234155,0.745183973573148
-0.184985788090398,0.852429112447512,1.90214673313312
0.825537943824253,0.206935797245005,0.282592374365777
-1.04307791618016,0.250075302925889,2.72836439637467
0.971966599284888,-0.0856728874590019,6.29436602792703
-0.770331666486798,0.604431263988636,8.35302965249866
0.251372976341063,1.01881615302142,7.45711520500481
0.981696492273521,0.192935187685735,6.76545896404423
-1.01593662270473,0.331084556372493,2.73042894923128
1.09426435653778,-0.131031409781056,6.10262791626155
-0.0665605006720958,-1.22466128383213,4.5899426531978
0.283473928307139,0.975052593377928,7.53861857671291
-0.000127371360882859,0.73800791380339,7.91503112926148
-0.752352039871275,0.808198353187316,2.15619265660644
0.817275723381789,0.0847549006356288,6.17135962075554
-0.607839270618796,0.79845684586177,8.52543557714671
-1.07250394870415,0.13187303895804,3.249295812333
-0.0514190554062424,0.818586577454306,8.56602539168671
-0.101669888256264,0.605595521965223,8.5010125678964
-0.105239796914396,-0.960575966995951,2.44070567702875
1.06073905975839,0.141738694461053,4.27690283115953
-0.154979031017868,-1.02825622722474,8.79702801746316
-0.765752370228175,-0.645029015903433,1.81628398387693
-0.161736752092143,0.963460478603067,5.92971058445983
-0.717297064498036,0.449724357533199,0.724564349278808
0.727488397074992,-0.556504709362167,3.65118836774491
0.325972881512209,-0.585076644825833,3.49105000169948
-0.626075979737938,-0.858756055250978,8.32549598906189
-0.305328740386437,-1.06990227461574,2.28711904026568
0.80518276524525,0.757560280363378,4.79413393232971
-1.24351776174544,-0.512955330306406,7.78931189607829
-0.467017109892449,-0.588007210430498,2.17278652824461
-0.821197882482649,-0.915559136845932,1.81474118353799
0.31882957480796,1.13939420816894,5.55660086637363
0.806420623802267,-1.34096864036099,3.29224549303763
0.984935423808256,-0.417317508330461,4.25270523643121
-0.88463518180804,0.508813978677775,0.287417940795422
-1.11784023672713,0.410198108445782,0.597365209367126
-1.02085467875732,-0.270247440166184,7.37893473613076
-1.1322558845696,0.437226315302377,6.91367901815102
-0.620785172251357,0.138669381982741,7.18501589423977
-0.762780768804997,0.390012567082359,6.61508858925663
-0.819195811009042,0.547556263805324,0.509804374538362
-0.0932352265107135,0.861499552302541,5.7986620052252
0.246855195272936,1.00598855976184,5.48509256215766
0.889706101103299,0.458892480383571,4.84075203048997
-1.38480771072391,0.526153091567228,6.79305858467706
-1.19379599860948,-0.59825524946246,7.57439685403369
-0.459831624054221,0.725057091230102,6.63398687238805
-0.759782344869773,-0.0683753685623411,1.1856067108456
0.755755905161862,-0.776093284425329,3.35445716860704
0.91795994879447,0.267179142068442,4.64730956149288
-0.902506470460928,-0.223345330507602,1.08403583709151
-0.985685987480942,0.564576619911061,6.99216977250762
-0.717694448420897,0.754673813806835,6.46462065540254
-0.918913292014107,-0.452055176988726,7.75256700930186
0.422632778924951,0.811683681947332,5.08904890087433
-0.9237009987919,-0.936531582610854,1.89225410507061
-0.303552597196356,1.04597377951106,6.18638100964017
-0.977236369565026,0.614417893323993,0.277366295456886
-0.520205031317187,0.610088423505647,0.0288007725030184
-0.12835100556716,-0.951371638684446,8.93831986491568
-1.14804430597803,0.222530414832988,7.21486406517215
0.375106871218338,-0.651915899726618,3.3023384087719
-0.338647927514415,-1.02964669424544,8.06479398999363
0.00446343022742865,-0.77866855665589,8.69586887955666
-1.03178945335006,0.79799200051623,6.57190393446945
0.767452234269277,0.738289049523556,4.91479047085159
0.401073193524332,0.866182406187783,5.58867228892632
-0.0955293701287817,-1.13537938407859,2.38831483642571
-1.3551468820973,-0.286187455228854,1.23818151745945
0.89254762776964,0.620803856893597,4.82937327213585
-0.999117427810946,0.0903981573380234,7.10954948980361
1.06867812970013,-0.0967015883636675,4.17914588050917
0.853280815862861,-0.550339986028451,3.59455034555867
-0.893573438827699,-0.34441387818019,7.48832132178359
-0.382756303956886,1.23554670561959,0.113810487091541
-0.814707027750655,0.143839233606037,0.821115950820968
-0.298831754796299,1.03747487684182,5.96236256277189
-0.41710093272456,0.612387711730859,6.10165607859381
-0.667403658393394,0.93596307424227,6.61726987478323
-0.701929597002714,0.752140695139211,6.38471203716472
0.186503710482877,-0.741146147055201,2.86595662892796
-0.976218557404978,0.195374344802339,7.02434874535538
-0.743464665431801,0.964165620929419,0.225349855609238
0.419009632339931,0.700356931198469,5.33375002909452
-0.685598067830112,0.684768806767521,0.600764605449513
1.1112551564623,-0.113381219668958,4.1198166240938
-0.895745855897614,-0.202390246636904,1.23986591747962
1.03041251626842,-0.381664097213057,3.79125783825293
1.02070130600255,0.38528341386976,4.84757655928843
0.768081680554866,-0.502107459144159,3.85823108023033
0.549745495503537,-0.673905343154331,3.00895278970711
0.353841812233786,-0.81758124958899,3.07520260848105
-0.514416100956179,-1.19304068612537,2.12950155255385
-1.14397510586629,-0.282830559700233,7.66373740369454
-0.154559221764606,0.578381867995565,5.54034461360425
-0.734584254468854,0.0376504973518776,7.40033751516603
-0.73625341728125,-0.474013506461695,8.05389280733652
-1.13582838185654,-0.54995857096589,7.81226497516036
-0.866661059580845,-0.408666520825251,1.35693539120257
0.649390040584213,0.67625185680593,4.96521891932935
-1.049208756432,0.0610226592010234,7.33661418221891
-0.995072793208236,0.0224101592427275,7.56621280568652
-0.0993290784089159,-1.06378653012482,2.36517750425264
-0.249432958725408,-0.831432361066977,2.36841347627342
0.0946454282103433,1.05954439024663,5.55063506145962
-0.348498803244027,-0.993522498861164,2.57006855076179
-0.29115818687607,0.926709899426349,6.15884922794066
1.3144652734932,-0.154965780806939,3.90562714054249
-1.08723472037297,-0.403763835844568,7.81336897658184
-0.839607035324345,-0.602656721094423,2.11923370230943
-0.686218487310648,-1.18446194098121,2.02642594277859
-0.951045270722203,0.0279897021647489,7.6037361533381
-0.643509979004077,1.14307935685931,6.28013774100691
-1.19198032982751,-0.237687208578269,1.21834816597402
0.9898796648472,0.593801022216813,4.7668931032531
0.371224299554713,0.868984102485143,5.3656813648995
1.14253482564092,-0.826240457292201,3.75073191476986
-0.897903266220898,0.305802194603013,0.641847449820489
0.768365356914017,0.301896020256109,4.39542571012862
-0.453415972886958,-1.0524483108001,8.563445096137
-1.25476988873184,-0.213890215810941,7.57288239290938
-0.809562236828871,0.40813592863126,0.343964935513213
-0.899019810676479,0.456924655799008,6.86260740528814
-0.717315903322109,0.274385697924397,0.485379965510219
0.841326367100336,0.713657092475081,4.80232207523659
-0.350343718205541,-0.865152136200393,1.96698755398393
0.799929227258831,-0.794600829748681,3.06218841299415
-1.06836570353062,-0.0804861582166888,7.4325138644781
0.522253326658854,-0.805982800841374,3.4562361210119
-0.535443941903285,-0.718783513302167,1.90796585683711
-0.224843033295343,-1.19161650228008,8.54505676589906
-0.401278779841317,-1.17519913945678,2.27027143584564
0.215801439072694,1.03017313840648,5.52818986284547
-0.779605127927757,0.502328985781483,6.9192719226703
-0.365416576544597,0.768062376402216,6.18681804835796
0.188917438471089,0.857186976862998,5.65407305862755
-1.10112667702459,0.0331002494316338,7.3393283074256
-1.11343647706514,-0.698254230039885,1.65393190691248
0.78989807392529,0.488651748090591,5.17924478184432
0.998867719285602,-0.606594290964821,3.81749715353362
-1.43794375867586,-0.212915176068109,1.56355201173574
-0.746020737013966,-0.522959443523929,8.28546119271778
-0.946874389116645,-0.213472208931449,7.36548734083772
-0.378124597084479,-0.731210103376403,2.01793455099687
0.159030621239214,-0.724644227233434,2.78929535904899
-0.280738607330057,0.675462137115311,0.350545965833589
-1.00021987849665,0.688733587283486,6.78681746567599
-1.0351557080073,-0.547610457985691,1.4768110695295
-0.0496157749530576,-0.931097851715089,2.37278720573522
0.0463252330793285,-1.19560840479831,2.83566950401291
0.442927366961771,0.503368811522829,4.9698967714794
-0.486384385672935,-1.19872304419672,2.14954883535393
-0.343266338641547,0.556307827270138,0.0773314700927585
0.8123652337207,0.615056908938304,4.76659070304595
-1.31779208104751,0.26449740438808,0.698525587795302
0.205545608158348,-0.869328549506514,2.27210681280121
0.0684462651399316,-0.784795379987411,2.04238112806343
0.123991684403965,0.954199402814377,5.835171534447
-0.462831619272033,-0.994016131769239,8.07472275872715
0.777953473112744,-0.846304866800295,3.43119848356582
-1.19414442470733,0.464794312290589,0.673686314374208
0.415317959511056,0.818548114711823,5.42896615248173
0.407125593430337,1.09321984082929,5.47666748170741
0.755347149168616,0.349924925741262,4.59164487523958
0.133567890326397,-0.683029549800614,2.91681947791949
-0.180406659574202,-0.883947908016109,2.68307172227651
-0.886858914827023,0.00873309202577921,7.67961947573349
0.889029709997428,-0.329778731303389,4.13997972384095
-0.8678383159473,-0.788075618399113,1.73616952076554
-0.561989850255758,-0.706298324075256,8.23355940892361
-0.360036795318276,-0.617700419997959,8.64669907651842
-0.353645395001232,-1.10901869552117,8.40862750983797
0.181342165742657,-1.08583229724201,2.86536826333031
0.138443449986983,0.607920678452059,5.69559732754715
0.585051349969691,-0.848447145739598,3.27698353724554
-0.716444787764682,0.421879218910123,0.464331791270524
1.27093392415758,0.270243010790075,4.23482132703066
-0.197788440607464,-1.03648980383857,8.47765983548015
-0.91621355554186,0.476573114625505,6.87618806865066
-0.93234369875743,-0.374679484152064,7.50782229728065
-0.83191334109923,-0.243911844521833,7.47890468733385
-1.11310228723792,-0.606853038676908,7.90708076627925
-0.549894008693914,0.83984329688396,6.1954561045859
-1.10726600303759,-0.0801456857262947,7.48037833278067
-0.973306458553867,-0.612752248247536,1.70939078810625
0.952682588882098,0.287343278296545,4.68904706393369
-0.214400236296378,-0.804271700337991,2.49764082720503
0.220468819699418,-0.984914104129739,2.68137311493047
1.15130918694331,-0.0141887334973595,4.09563927375712
1.02543464012164,0.0306326775512079,4.34095155168325
-0.82400113632363,-0.712858952768034,1.79630898870528
-0.559509506250533,-1.20300114694535,8.30545199825428
0.17157172325537,-0.966482166752283,2.73932490614243
-0.387925600154669,-0.598711726055361,2.19511133339256
0.332769806235212,0.799456369273526,5.21742252563126
0.797028045251554,0.0409244920721879,4.14131238358095
0.651588378249348,0.852429567918278,5.10953693138435
0.751897484960736,0.0312181421941604,4.42203940311447
0.389458487237819,1.35468986217194,5.44086275319569
-1.00428207948534,-0.248068845846011,1.41893838671967
-0.570205123836621,-0.569340462724159,2.0393648960162
0.622728151610317,-1.1558482415665,2.90728431288153
0.687293900316199,0.859945973171423,5.55003470554948
-0.845124475610692,-0.639651659597322,1.39480631123297
-0.522721687459768,-0.994932556093571,2.19365368690342
0.129179087526569,0.799878778455979,5.94039471982978
-0.980424621900448,-0.175894144059319,1.05372259835713
0.164387255686956,0.962563236926913,5.4741507503204
-0.463178969227531,-1.01388312874629,8.35917497472838
-0.987230076336273,-0.219506645495032,1.49317259690724
-0.824295309260808,-0.109180304047609,7.7275963453576
-0.313793142066288,-0.844264722535685,2.41188547736965
0.170287925090725,-1.23920171801935,8.74433832429349
-0.939782713988694,0.165208364042181,0.868624087655917
-0.91534912554965,0.322500274127229,6.76959499530494
-0.317162078452049,-0.909013516125305,8.19986781477928
0.338212819222023,0.801563674784876,5.28137321351096
-0.080364301833857,-1.14390317497623,8.54062537103891
0.216507464943613,0.946136313978866,5.48560840752907
-0.968243543634076,-0.0702785503997752,1.09405854390934
-0.949060442658803,-0.541096054046864,7.76715870620683
0.241543162393763,-1.31597591560803,8.99240079685114
0.556555367334068,1.24344647470094,5.16960901091807
-0.0561303289510054,-0.641478448706592,2.25612228456885
-0.4779422594429,-0.367313440486478,8.00519904401153
0.857674235995245,-0.493243592427615,3.96975620999001
-0.601195482768323,-0.852121218714739,2.05041176453233
-1.02253364103587,0.31750235179649,0.713768856134266
-0.0229599856373942,0.928438690280872,5.65205743932165
0.686131740168356,-0.942525186920605,3.43034780840389
0.502025271088226,-1.0267830290595,2.95867466647178
-1.18312602389356,-0.329696944502201,1.39273113431409
0.955085879173428,0.814619058869248,4.83518271055073
0.884746539114581,-0.747035139785441,3.37835821998306
-1.08354043201265,-0.168032469382452,1.25229165726341
0.39838093430765,-1.0921934242495,3.11234564613551
-0.526527621289359,-1.11429660515639,2.51139745814726
-0.190374316565238,-1.49743517606714,2.66492382902652
-0.0274115250774486,0.973469068609629,5.63734407699667
0.752530827367198,-0.12548430665671,4.19359161704779
-0.346405314008132,-1.23775991396233,2.68345640134066
-1.26259832566478,-0.422367450644884,7.50543961138465
0.745587795423533,0.0599849503475643,4.27336586918682
-0.178898480296333,-1.02910862284646,8.82385331997648
-0.457309292678111,-1.21418538246393,2.17105782357976
-0.933623103091089,0.35984675917509,0.730431532720104
-0.757456347292076,0.0425347019942308,7.17615685751662
-0.570844214146944,0.861338842902099,6.33944057975896
-0.570635010385324,-1.06242698278606,2.33339603687637
-0.98196524097861,0.167597582674991,6.97011089581065
-0.808404770049622,0.650829044593344,6.61686122557148
-0.813459764005758,-0.546383870830504,7.76347077148966
-0.53398467197446,1.26247437524816,6.12765858625062
-0.886558699435448,-0.0395974421736092,7.61696621635929
-0.112487594086985,-1.26116932538878,8.83138416032307
-0.843383165020834,0.93433056543947,0.0959188411943614
0.59988781915214,-0.695314598576024,3.38021802599542
0.810522267413424,0.510068385437237,4.46898150793277
-0.780452551173552,0.0602452364340117,0.974919949192554
-0.90023648014044,-0.0347127766996751,7.50669523514807
-0.302845636926917,-0.77319629269704,8.51340246456675
1.12017580314275,0.327434932886128,4.64408515649848
0.838847490895368,-0.81736241937048,3.26629265444353
-0.755122733848369,-0.444736834672812,1.76152217108756
-0.330173296085482,-1.00601396191581,2.35193652589805
-0.301240135667533,1.0049637219317,6.00255966000259
-0.962273728151702,-0.654925723274399,8.05189000396058
0.469714552066368,0.887799806366808,5.13861041958444
-0.974140610759172,-0.36162878402827,7.78761829901487
1.12131344098564,0.0254059070769183,3.95815168507397
-1.1709644837782,0.116767184066913,7.15343111869879
-0.956484548155178,0.815313744346289,6.8377841077745
0.274715248299622,1.05403876676694,5.45610466995277
-0.419926094405918,1.04182335605259,5.94346490409225
-0.420707629827053,-0.318150948046041,1.10595669737086
-0.278844502668078,-1.09526545759122,8.69512189691886
-0.0812859932930381,-1.308689267394,2.81731585389934
0.53959173988207,-1.15689877477741,3.03563702479005
0.203248014078764,-0.914387379190748,8.92675628140569
-0.60877529358807,-0.990627623257097,2.146882384317
0.712878909251679,-0.823721607330903,3.33792957058176
-1.01875712761413,-0.152176343900176,7.53147160448134
-0.389063516731839,0.878689277841539,5.95924167637713
0.149802988771835,-0.750702058544549,3.13586765737273
-0.921378393031668,0.498805007389996,6.70606191060506
-0.409999967290993,-0.902204579180549,1.86163292778656
0.707662185297466,-0.724533795897798,3.24296732246876
0.638389441490071,0.929465700452044,4.90451090899296
-0.917353094798094,0.243062159915363,6.92987370793708
-0.873550945693566,-0.257897808062145,7.67088091629557
-0.694148237490277,0.464816204957034,0.439181819558144
-1.00569833804594,0.158675186395616,0.655122467083856
0.942721703497607,-0.728134444977688,3.38559026643634
-0.476032949755553,-1.06307128466256,2.22662957967259
-0.812607782171052,-0.381102974740272,1.27075540157966
0.307126670824683,1.14530333657115,5.45408306387253
-1.03537443884264,0.179022723490493,7.23581158532761
-0.160154260412797,-0.977339026313797,2.84657575143501
0.0198215131649361,-0.989247873791603,2.71965208696201
0.838870469318853,0.338706541845966,4.37638704059646
-0.533250050703717,0.61877446933372,6.64152891305275
0.557977565629769,0.676868374667459,5.05557335866615
-0.745187969081919,0.725410293810879,0.165309639880434
0.986548405367198,0.470048576808901,5.00875273486599
0.754726821694393,0.918511384352135,5.25739981164224
0.907530476608967,0.627474590713143,5.15550356288441
0.855051527153757,-0.292109449751391,4.14331287355162
0.876497855768607,-0.207370539326354,3.84790600673296
-0.849862046848786,0.564041541715474,6.44461999903433
-0.819478683740567,0.600362851469356,6.8970405778382
-0.199713740371158,0.855456021860303,6.05889718048275
-0.645309058576668,-0.412153150040657,8.19157874118537
0.75234788462061,0.356672779145249,4.58570060133934
-0.910725920250544,0.338397692456336,7.00795629923232
0.430686847227854,0.766027309977305,5.34584614005871
-0.60297177076981,-1.16538608382775,2.19916815776378
-0.714784531020705,0.112570637800563,0.654120907187462
-0.153422118479952,-0.994312862099871,2.22640135721304
0.700340925176981,-0.487370654968309,3.75546562392265
-0.21732540877938,0.875411889819959,5.93719909409992
-0.831361896745153,0.266997176526782,0.618942487053573
-0.529182397555408,0.931635141034808,6.23644439689815
-0.765564473850119,0.702556317948099,0.530477207154036
-0.383028161892102,1.31013984043913,6.04499116935767
0.177236512277854,-0.940317098519657,2.66163867409341
-0.901258816775413,0.694983778297864,6.59671058971435
0.264880630544422,1.01655610805434,5.25920763099566
0.723320020635896,0.884526098818569,5.17796640750021
0.973260834595441,0.310985820772447,4.35960265249014
-1.16836395724964,-0.452067865407363,7.75749823800288
-0.303382605800703,-1.14556132651103,2.32475869101472
-0.567308728920822,0.511164505591023,6.47053337562829
-0.579472361278411,0.924807564983223,6.1890232830774
0.983174177264622,-0.28772502417784,4.0897842105478
-0.888927794444993,-1.04172345936213,1.65993033838458
-0.0683010051901776,-0.941558500829789,2.80576194310561
-0.954746667549474,0.801103476390846,0.00785408215597272
-0.275121937279413,-0.977710520026154,2.29850211320445
0.0130840903035073,-0.9242548256242,8.60346425604075
0.896897537029742,-0.720900806553522,3.19530880381353
-0.687048188491422,-0.516781272416826,1.64889580383897
0.927677643683746,0.291888784239492,4.64870612695813
-0.929532430710549,-0.172402739592942,1.25903956918046
1.15356830352483,0.0986139699503282,4.39591346355155
-0.675155201255982,0.690892634180355,0.27036407450214
-0.686481142910966,0.226227085316489,1.00100621092133
-0.199315696848365,-1.04863822666847,2.49978639325127
-0.152346695064421,0.855774057936624,6.0371911986731
-0.758826851892188,-0.857933496271793,8.16686556302011
-0.795610821540633,0.433931809641598,0.393691334640607
-0.0803722211488551,-1.00386638116934,2.06460462952964
-0.953095924665061,-0.333589300841624,1.55159379355609
0.738293337100455,-0.858423406756386,3.22487988159992
-0.231279657290909,1.0789311184143,0.118724264670163
0.966382173208618,0.37414216469129,4.62452402617782
-1.01376886225845,-0.510960978346255,1.32281030598097
0.251689009627889,1.04271878333671,5.4790936068166
-0.424971665728629,-0.790042060491871,2.15497391531244
-0.330699968522372,-0.803256321655206,2.1067941931542
-1.18441577090599,0.669836816628626,6.57288973010145
-0.777895699637694,-0.607253842516373,1.68102439935319
0.783846030955736,-0.778810252098432,3.04791342839599
-0.3239888911768,1.05593968033665,5.74207104532979
0.850935993023493,-0.0636611704497893,4.14544432028197
-0.493612084457001,-0.45768464131629,7.95617773057893
-0.513315218992788,-0.401281855174977,1.55274538113736
0.985840551872994,-0.0800764968314333,4.42626799782738
-0.591962083608793,-0.997402624033711,8.02260644012131
-0.760676796806279,0.0940615746671226,6.95879822038114
-0.692309913083168,-0.693877536480569,2.00248981104232
-0.848721567580478,0.22846965119172,0.549146039877087
0.124438022369093,1.03798856315526,5.85959746479057
-0.0514620527408153,-0.838368378220039,8.72428556182422
-1.28535222919195,0.168594451308941,6.83340393053368
-0.82661246103963,-0.760809355787481,7.89325883192942
-0.614071661395056,-0.586248269677892,1.78590881964192
0.882380441942144,0.464172845418585,4.53592871152796
-0.535054096361517,0.964854487623836,6.27427909453399
-0.560730899190205,0.209399151644809,7.11068476201035
-0.192620358243614,-1.22393835488008,8.56252370495349
-0.679187107607928,0.802569750157098,6.65448150783777
-0.84876395900085,0.176358783453666,7.35300307231955
-0.530121648163689,0.413951629406509,0.296707331668586
-0.919401827767701,-0.515162099730698,8.18104109843262
-0.758793969707652,-0.761542408308103,1.77794753503986
0.371107002836658,-1.00604667514976,3.01888989633881
-0.920459100375667,0.422864978293393,6.83590220287442
-0.382932470469005,-1.21966610448735,2.22619739826769
0.855126793887631,0.734387706659239,5.20829936675727
0.148355762810527,1.17254459174255,5.45481724943966
-0.868715004607464,0.710505995928396,6.6408699194435
-0.786175881499264,0.220958462988145,0.925786159001291
0.474281555434404,0.590100760116022,4.85353595623747
-0.836220232556166,1.14927922761984,6.48087710095569
-0.894347817549972,0.170929422987402,1.13022074382752
-0.111605155051087,-0.703249126636006,2.81158337392844
0.510075615762406,0.86859354086991,5.10089637315832
1.37276976987054,0.0771254731732772,4.25340939383022
0.174261622680146,-1.09403377332579,8.93735466781072
-0.106378440161719,-0.986952507363802,2.40582942031324
-0.976941737721996,-0.618958292006654,1.67551606404595
0.769692305787592,-0.553423393027535,3.78868620749563
-0.545009369068695,0.699700730040867,6.63874515728094
0.738315064163766,-0.914739549307839,3.42921910341829
-0.749347103279885,-0.134099308739785,7.14765138365328
0.287281445749953,-0.974879487857604,2.91804802813567
-0.411963117913618,0.368891552809107,0.349680079612881
-1.22381495147902,-0.084354866665571,7.47685296926647
-0.399918657881382,0.600814078628336,6.27688659145497
0.725775678900678,0.421152638526643,4.76810934045352
-0.700155492365644,1.05122343319957,6.23638733290136
-0.442109669462369,-1.00450108646822,2.15585090965033
-0.918400049014228,0.250249755634445,6.89193343394436
0.510919803749466,1.17832546317688,5.23203118960373
-0.481227925117208,0.391320794028148,6.59418751113117
0.718368917591075,-0.783655508485459,3.43507348559797
-0.633531434269822,0.687426105886534,6.29544673184864
-1.09992135813971,-0.557419065187272,8.03040881222114
-0.244898986897803,0.928284228165844,5.83917697146535
-0.650806066119918,-0.792428962219472,8.19202983006835
-0.552603201833458,0.880787500609337,6.4853778120596
-1.17180595785216,0.439085751076059,6.96391299390234
0.971427274427289,-0.22016831307461,4.0337049679365
-1.0825214221364,-0.326340998426772,1.52465784153901
1.28908577860918,0.443254091031839,4.50944903469644
-0.755424567872708,-1.04363806746753,2.11744549870491
-0.704937853688191,0.661203982121827,6.91343471501023
-0.121908171798317,-1.06811794382204,8.67819281830452
0.782479435905916,0.551987899484975,5.01438626018353
-0.477543840488533,0.496582836082708,0.15932621830143
0.00196281561342154,0.801946591404912,5.40743442205712
-0.247495064624207,0.751578118352281,6.03292515571229
0.809578853667776,0.683617445781637,5.0638325822074
0.680926010755666,-0.323709057450668,3.95480217388831
-0.651244774822721,0.788854102997012,0.270799891557544
-1.1781409104193,0.174556561619118,0.889920030953363
-0.903289046612387,0.716644993009582,6.99093076796271
0.977405938950735,0.210825550417777,4.7223516467493
0.372026185314435,0.969956121763016,5.29594922997057
0.818351016400169,-0.305486614106313,4.11682687676512
0.261366447563442,1.12743037645331,5.71164281736128
0.613500929707148,-0.932277023028789,3.075157425832
-1.25770703582446,0.457798516647088,0.698108640499413
-0.7152220999232,-0.794350713040247,8.05765569931827
-1.18746779788154,-0.590387873030796,7.58102707774378
0.995024391405962,0.0846738795201049,4.0409087841399
0.977686319275766,-0.028635758665365,4.22070455714129
-0.304498095427096,-0.825588458791699,2.70108942152001
-0.816065704464573,0.532222804439584,6.77761011896655
1.05298760693657,-0.354986257020666,3.8417023695074
1.06235494678999,0.0116626833873264,4.24381807004102
-0.778601951326354,0.384887014510915,1.1032371930778
-0.00103849049056637,-1.04233346993072,2.16830342123285
-0.749956816582971,-0.0599899956412218,7.15009246417321
-1.07094426839164,0.366782230323818,7.07247943966649
-0.186921743231967,-0.82528371733652,8.7675775741227
-0.764054912011133,0.794972294840002,6.3535574208945
0.216458242584157,-1.13018668136422,8.97404570505023
0.804746657315837,-0.940571364291061,3.41267179115675
0.466750265220189,-0.255233113479778,3.83579392195679
-0.224219903389043,-0.712044062293247,2.13774107862264
0.449156131776681,0.918308058810521,5.09716671332717
-0.428753429892249,1.23620595000076,5.86182715580799
-0.792912007966753,0.743112861590964,6.5901028693188
-0.193155417477715,-1.24034719366911,8.76632529054768
0.392208453197334,-0.653405126339457,2.92490757023916
-0.365915669330347,-0.866527131419146,2.45963733899407
-0.525399699567415,0.590395792938906,0.60909138713032
-1.02319044481464,-0.236542404295758,1.49446788802743
-0.208483832981845,-1.05620319955613,8.89495410444215
-0.573405859407884,0.629723848037147,6.48206112650223
-0.831921289601863,0.67413411811294,6.52695092232898
-0.841795636437547,0.46216711413426,6.93255949183367
0.0929505010675619,0.976483190831105,5.67903302516788
0.362849925741481,0.971261675578198,5.1966537788976
1.13679214253717,0.511086780365763,4.2942185124848
-0.769566643947021,0.781894600432985,6.32541942852549
0.201030259087391,0.522337921593126,5.81905704690143
0.634249758167459,0.722569996655317,5.24770753411576
-0.730700074906191,-0.64846933592602,8.05487432610244
0.380439175577003,-1.12511147347144,2.87542677554302
-0.712725348265682,-0.712572361470071,1.59715160401538
-0.489600600204442,1.13907728196876,6.08968356717378
0.485248442109374,-0.940323479810933,2.98589908378199
-0.689863634613203,-0.964836995203306,8.25995633541606
0.862903319718293,-0.897363783767345,3.25602783635259
-0.911854263814097,0.891165677498658,0.244139379356056
-0.987734583997372,0.555134567403689,6.98383180308156
-0.656621694109445,0.58135138084039,6.64652958372608
0.588022884177016,1.10070726906197,5.72334767784923
-0.0817972891769427,1.23638605391601,5.6048449552618
-1.01021034404981,-0.0625210150073957,0.969207849819213
-0.383004208221362,1.00821963420831,6.16898569813929
-0.193446774053473,0.706975500874145,0.140933812363073
0.315288123206857,-1.10794723023977,2.88275630143471
0.171702910141969,-0.878491652802174,2.36764414119534
-0.84697876034585,-0.644668601488368,1.60254360060208
-0.941142805700107,0.200702882459477,0.903999995905906
1.05962650589656,-0.0647365786326499,4.13277816027403
-0.20317902951839,-0.844482082121972,8.58602691767737
-0.845979730220157,-0.957031876637968,1.7651456950698
-0.828400045226724,-0.0185954098959155,7.65627343207598
-0.659636997680676,1.1172086686625,6.38205094006844
0.199115681005596,0.828942267975251,5.05550482822582
-0.185925283421531,-1.32101438435607,8.49358121445403
0.801144210919391,0.585435898517764,4.53615489928052
-0.372923348156216,-0.86928446102521,2.51276986906305
-1.14129319641032,0.0563502794193381,7.4177939328365
-1.08592506600176,0.278896667982441,7.11884722067043
-0.651365585395734,-0.721336936078885,1.71923703071661
1.2765384346833,-0.503982725629706,3.85939804231748
-1.05335077554991,0.229833480059952,0.800136575242504
0.772217896130455,-0.733730483221844,3.41527482261881
-0.766199444548825,0.904397040380037,0.163396675838158
-0.827213754366667,0.714398322025251,0.570436298148707
0.935749833329353,0.842933079855594,4.50560291670263
-1.0765025736546,-0.0528964323438107,1.1469092387706
0.452199342497098,0.843865939059816,3.22750430158339
1.0784703482133,0.26161157436709,8.97428177506663
-0.586791886688316,-0.751228759520052,6.27357599954121
0.815258555743248,-0.173462523025777,8.41697632125579
0.758913218219928,0.468698013575937,2.14472200535238
0.791664109096427,0.0325156971508736,1.89145560306497
-0.444619551134105,0.837132317549924,4.41406133375131
0.931225814505349,-1.10756792850147,7.37213597330265
-0.658599597946325,-0.395783411776636,5.73636037297547
-0.313943166734983,1.09068026702912,3.95940656075254
0.837637777750474,0.294115282488007,8.80385409272276
-0.398004085026139,-1.02128197667734,6.3533541681245
1.02828508662695,-0.509863274823309,7.97075013653375
-0.715608836652334,-0.647579562306132,5.74307003407739
0.193191145640388,-1.30010058926239,0.945657585281879
0.192702771675904,0.456479565983018,3.64854440116324
-0.31739076518635,-0.957394000656128,6.70383363193832
0.607251815511937,-1.12343189814525,7.41692287498154
-1.10473220319822,-0.492214228484519,5.67767084855586
0.361501649390261,-0.718695652753378,7.29470302560367
0.3915260262964,-0.663956964527955,7.54680521297269
0.496339779420853,0.536925230591409,2.93362571974285
1.00426697712838,0.326849098818595,8.9967286249157
0.81440133258205,0.294416916066134,2.29717291309498
-0.926378556233169,-0.194535496076136,5.59261468984187
-0.988988204484231,0.315919835766618,4.65169490408152
-0.25220459986286,-1.30893682438328,0.144955332158133
-0.985499895678442,0.0750989598798121,5.38761188741773
-0.33731210153615,-0.817489901599395,0.199919142527506
0.779826913572796,-0.647132706497073,1.28855432476848
0.570241977495004,-0.799396396759553,7.20091534196399
-0.797532061657458,-0.347490134938417,5.5317058826331
-0.907766821573645,-0.590924278722677,5.69841021671891
-0.145628726026348,-1.04419117979771,0.35256712557748
0.148919201794347,0.789140198117414,3.26136376848444
0.759659760363206,0.732914847571385,2.73153691319749
0.875217416413907,-0.653019299477357,8.14731091400608
-0.793565988805286,-0.351220401365935,5.53987297439016
0.943988767922388,0.371770262845311,2.17696459265426
0.0291493801798081,1.02390664253136,3.63162196730264
-0.324511968304063,-0.86277466961614,6.32610991294496
-0.129295011314798,1.03611695170307,3.96865453245118
-0.859926272859303,-1.27348814261892,6.13498467346653
-0.367614963840465,-1.00686112857262,0.393098382046446
0.730865846854954,-0.333104551107203,7.88519304175861
0.663292304800488,-0.650419883876602,7.79715800285339
0.907446961585311,0.724204539496282,3.04660499026068
-1.25627822218165,0.107240654784532,5.12205088860355
0.60868774973774,0.746548358481478,2.80618909536861
1.12299534780336,-0.499355669052472,8.26343294768594
0.912985411400186,0.0736666528025759,8.27542487788014
-0.575486486374096,0.847739630149773,4.02428938960657
-0.183268690972325,-1.04492269085132,6.65254478948191
-0.65800934658622,0.0334615990152048,5.21816181577742
0.457062172123894,1.22412172433674,3.27817021775991
-1.06053091658086,0.357575401954951,4.83457587123848
0.960873345881283,-0.598368240016011,7.8438158291392
-0.647119532569961,0.811517120807132,4.36885699024424
0.823580763405285,-0.112932206879558,8.3820160611067
-0.0411786686049938,-0.586724214828693,6.79582122224383
0.0984073418743111,-1.33531127033206,0.763125443598256
-0.220133848638107,-0.876160305637946,0.292016175342724
-1.04300774088215,0.00183450685384698,4.99970311881043
0.874068351493317,0.758829357118336,3.02074087201618
-0.193877129007131,-1.06761073282257,0.449861338594928
-0.688117928694351,-0.623643400746993,5.80257751070894
0.0970007264665483,-1.13695817653306,6.8394327359274
0.0605871390919485,-0.697999858276909,6.65739331394434
0.662452552517028,-0.583769600043407,1.275178037351
-0.064834222210225,0.742317587986495,3.76895421626978
0.510649271983617,-0.454022316963771,1.66397674195468
0.751433518093412,-0.884610768027338,7.59220690629445
1.1771262893321,0.383914971456818,8.74275521119125
-0.274488143972826,0.865488143021024,3.80693892692216
0.518990097808938,-0.952691096110181,0.989640949526802
1.09318004623739,0.555746807859642,2.69666881836019
-0.675999161749557,0.826394896123121,4.49640982341953
0.389474480334195,0.631410090380161,3.25902683939785
0.810329954661919,0.683980673342262,3.10267690499313
0.338027229921315,0.754427906721726,3.29996122349985
-0.610743833027439,-0.410433307971192,5.90940608410165
-0.890511406455723,0.177831387114044,5.1002313089557
0.521600709538218,0.637419388868745,3.14948585280217
-0.935569436460034,-0.08513482776741,5.47840367350727
1.24006474004814,0.493458143902841,8.92002997384407
0.685824019590363,-0.372571197696493,1.65658675739542
-0.275117906212387,-0.944722739431375,0.182485666126013
0.987800053791889,-0.227593990278206,8.36856367439032
-0.864041249702183,-1.03506736916452,6.14181917882524
-0.195520165931053,0.901873428149812,3.74972209869884
1.02456353563373,-0.0864028077486876,7.93365441262722
0.836297261122828,-0.509886255798449,1.52295737550594
0.930997971489547,-0.805331255325199,7.75583562464453
-0.45790650085579,0.874378149079773,4.27600602828898
-0.666225581978856,0.57139438634718,4.8044324121438
0.851881302776113,-0.922157240875134,1.12472085747868
-1.00898286993191,-0.0151393378426959,5.26498705381528
0.27176883039523,-1.19032536560371,0.729176786961034
0.324311635297183,-0.212906229534672,1.18037587101571
1.01195715051485,0.562670200265478,2.38596137193963
-0.33402781456573,0.80072235058844,4.04929035832174
-0.754181271544578,0.874162445420183,4.21156940585934
0.157686698912455,-0.844318967759846,7.2177869353909
0.300850427858242,0.838568396093531,3.14924841653556
0.475593224681288,-0.601758502015281,7.68232332472689
-0.454141326123156,1.14924615866969,4.05831242306158
0.552246619574863,-1.25795421888899,7.17715809051879
0.818757514072257,-0.438839679461909,7.98185713472776
0.231595175933404,-0.718852070942578,7.44326731818728
1.30299915362914,0.203290695186399,8.6798651588615
0.904918143824936,-0.156549906631363,8.05042230547406
0.61465424930587,-0.641087767546985,1.0330622526817
0.565432466633905,-0.682765755398251,7.67550175264478
0.82421787847577,-0.803653897039962,7.43078248179518
0.715972428387978,-0.487075790183724,8.07174160075374
-0.916507702287051,-0.387508090289764,5.60234676883556
0.863581342523231,-0.546964945943305,1.72998391301371
0.930536592943537,-0.407460675977444,8.05735565861687
-0.0130361842057319,-0.787970197139107,0.350285135675222
-0.405141858130617,-1.06981913152611,6.41339323972352
0.097340458756946,-0.948786973180362,0.585299633676186
0.451806914886191,0.96667089329582,3.28376922011375
-0.757115415357695,0.756949940892009,4.19715056265704
0.497011559343404,-0.73464134905458,0.905947461957112
1.06380382498024,-0.119975171523385,2.22833427018486
-0.905092041521319,-0.595732758153394,5.53523922152817
-0.286431108302476,-0.881597735995479,6.46570843993686
0.293272100296241,-0.551260786597261,1.13371655484661
-0.906082522073407,0.396422632654573,5.05059972801246
-0.15177109013021,0.702713557636854,3.94731402676553
-1.01141318237227,0.137159893185675,5.37062897603028
-0.00819479396199863,-1.0807466731301,0.245880719739944
1.00876749538716,-0.82371917390923,1.66421234258451
-0.0523628476740818,-1.2275718182647,0.355504873674363
-0.333727987268489,0.813370206753495,4.03291244222783
0.826529011906475,-0.581076019087757,7.66624523350038
0.664756071166422,-0.458221080088347,1.34687220607884
-0.879080183005058,0.678462164809086,4.77975776558742
-0.850537267078768,-0.415380568200412,5.59469807054847
-0.644371637262415,-0.293103506606293,5.75382882286794
-0.325513770570722,-0.798490257747396,0.213737634010613
-0.463086373206975,-0.782698340960523,0.0632764832116663
-0.78887534373377,0.208388104053519,5.24049892975017
1.00642644012192,-0.365110193000326,1.49013282218948
0.235696009396229,1.0759367446138,3.53865746827796
-0.781236409964391,1.10969733092261,4.08769290475175
-0.866841741915228,-0.900296324110632,5.89598415512592
0.778007280569108,0.0944984630621512,8.73738925927319
-0.166030746497351,-0.891120791087631,6.41116944118403
0.0964665983416608,0.982173099794387,3.11848959582858
1.12394868397914,-0.306977923525811,7.96513333520852
0.76563337874882,0.573875270900768,2.48604214866646
0.702629310547543,-0.115088266434563,8.19058384699747
0.073247902499674,-1.10889084632275,0.304581987205893
0.190350944731297,0.554056824385493,3.3970091950614
-0.311645442708091,0.965607132717068,3.98985076881945
-0.0276138251873954,-0.837576563586986,0.385512426495552
1.04458105579907,-0.123748565361446,2.18216591561213
0.846699232920314,-0.122786987302484,1.58996110456064
-0.867971970650463,0.536726419813606,4.65998505684547
-1.12221517232797,0.0677948976122272,5.11315699364059
-0.982350360164623,0.355289986268053,4.96279099211097
0.431548543936902,-1.07340523085708,0.907826592447236
0.438172471277808,0.647735818712057,3.25430595874786
-0.224173894379989,-1.02968542060621,6.67144779162481
0.918194823216735,0.709824868340603,2.90105017600581
1.02994125632642,-0.573568902862102,7.78705725632608
-0.975637790216385,0.265287798584492,5.1575263843406
0.970126320119399,-0.0802764327215134,8.42261835001409
-0.300877671810675,-1.25341028045576,6.5358573733829
0.235552044664778,-0.986962428285592,6.6525234177243
-0.627225967403499,0.0397220129819311,5.36791880079545
1.14088254968948,-0.32459560653874,7.94456498720683
-0.083717682642414,0.934746410820369,3.72688691527583
-0.184488122477934,-0.956143396110649,0.476546879159287
-0.201381585910342,1.21515502052566,3.68445376097225
0.711370438989788,-0.692350289527931,7.47872018907219
-0.783026491187154,-0.356587730517737,5.60931806475855
0.615056450794233,0.497286165159873,2.88803663640283
0.551057845341617,-0.771947847333542,7.25683821178973
-1.00932114759128,0.357638225158111,5.06723159062676
0.948840038433664,-0.170265174754968,1.744822161505
-0.0835217266036232,-0.783692398153697,6.53320735087618
-1.16450722877562,-0.487897498352319,5.45454274420626
0.579013699713721,-0.910513438376673,1.30402026046067
-0.181396537944934,-0.992068322470205,6.60095231467858
-0.198297877932583,-0.917203771624354,0.289872511988506
-0.396537086944817,1.03762305198619,4.1014743775595
0.971203377579955,0.126914289737974,2.30692057823762
-1.01885972964697,0.663321096774261,4.54726210073568
0.0074249932109432,-0.973778857779116,0.805496793938801
0.59053092423347,0.821749593896819,3.2651811176911
0.731411463364086,-0.413284523720767,7.99298126553185
-0.580244275051621,-0.897679157364648,6.32321027317084
0.376698895162397,-0.767519710252345,0.69820582238026
0.871990671406332,-0.698808530535369,1.634415774839
-0.92723177824722,-0.589756101157818,5.99249848653562
-0.39106177775839,0.450319778314626,4.33628149051219
0.295425396104088,-1.04845044698527,0.660781651502475
0.666410400903267,0.973118349678993,2.87021593493409
0.550252100209153,-0.998427469435266,7.40745394583791
0.0722824963807456,0.644559083445912,3.44700991292484
-0.715473540345358,0.530360417650844,4.40635379031301
0.939407003164724,0.610804653799874,2.60724949976429
0.908752341284583,0.312417624302611,2.61356309079565
0.98870398394701,-0.196349896612961,2.04332001018338
0.748071463580733,0.137475830309863,2.78458771342412
0.863681343849363,0.569051777919029,8.90850247442722
0.829253406194131,-0.779966621397572,1.35192227549851
0.548452577400822,0.854931777171492,3.21126136975363
0.901961929776796,-0.935298985535651,1.21280379896052
0.857380791619244,-0.362117697904424,8.10346313542686
0.75222277544792,-1.03625045688141,0.920360835967585
-0.745440291195161,0.458829521282348,4.80633879010566
-0.511070206376651,-0.962465396537287,0.00480632996186614
0.0721859155676268,-1.07675576479788,6.68441096227616
0.59225960950152,-1.13063343686816,7.1981112412177
-0.92173806878558,-0.296707246511743,5.61820951430127
-1.20706040156825,-0.432398988825471,5.89634596416727
-0.16221906591666,0.862176998441009,4.09891778603196
-0.0148717599822049,1.18407548160147,3.52816599723883
-0.796725851701993,0.881275167521126,4.25911819702014
-0.260294908424107,0.822991522003225,4.28631167463027
0.0568161594746236,0.903333655213557,3.77295031584799
0.505571070541368,-1.12932697911188,0.722673549083993
-0.0534610790712508,-0.900592303797983,6.67560239089653
-1.22596723379496,-0.0254067815074319,5.24277163879015
-1.37091543617396,0.0224683744212762,5.12583535560407
-0.869551960362436,0.638895395377549,4.62550146086141
0.635926522329987,-0.481967700717368,1.41267968667671
0.539182244224474,-0.857486140361571,0.885959409875795
-0.939670028867641,-0.572077448811514,6.04445128049701
0.0505010779209981,-0.913043534648473,0.460414408240467
0.411612792195187,-0.931306602138562,7.2836438335944
0.120445838167839,-1.20886121163533,6.7508133337833
0.788515407474492,0.493921249319812,8.81336934235878
-0.878228104418094,-0.241130631932275,5.70875663892366
-0.297940950800871,-1.05311973932346,0.49183326610364
-0.875242282152975,0.285071682965188,4.76796907559037
0.439632932101696,-0.297926128454666,1.7694415000733
0.996578152797253,0.375121194600659,8.50628444971517
0.0758987963987214,0.490461359350607,3.16925077652559
1.324875966673,-0.236363277817964,8.45030180644244
-0.968537682803728,1.16786780044497,4.32746858987957
0.802967352799145,-0.642244742683885,1.17562488047406
0.793274642176914,0.380283319202932,8.576176693663
-0.436002993992861,-1.02742001567281,6.43695993279107
0.263141453055539,-0.50471309848458,7.15254492103122
-0.87269882504881,-0.913255220717856,5.80536866560578
0.826336334928706,-0.0851842646812959,7.9711493414361
-0.764634140949148,-0.175193176203529,5.43258720380254
1.16556442445681,-0.561637037199104,7.7432799632661
0.874811861770612,0.277885387847377,8.71444953884929
-0.690093418291035,-1.02926934518494,0.168885963270441
-0.187950506340796,-0.740071816642594,0.466239516623318
-0.758278129009228,0.56521432491837,4.59983452479355
-0.958101829444241,0.418856553106912,4.73469433863647
0.7420044186118,-0.6158648220022,7.39767766697332
1.12371224020838,0.677110131020212,8.90290234051645
-0.953426431323494,-0.578448575413669,5.56125793559477
0.608502971486517,0.284080733669741,2.61711216461845
0.639343851129607,-0.987263669420341,1.07174839032814
1.01639698894292,0.347430802002697,2.30526904994622
0.0896507733005421,0.589899234891298,3.26164415990934
1.17719497668132,-0.268680945717483,8.01613500947133
-0.505796724627686,-1.20095158719441,6.5848964585457
-1.18405435821983,0.378989864129716,4.81911157211289
-0.217827527455313,-1.15127486964613,0.108476746827364
0.755408746180831,-0.6168975152635,1.35408194200136
-1.25866455540528,0.242778119740579,5.09597928053699
0.308083078952196,1.06917942932807,3.22185394121334
1.22759523819253,0.224619479787448,8.69358089868911
0.726815756169024,0.900029206070998,3.19926331238821
0.871650086075651,0.1055749758881,2.14146479149349
0.935880859919707,-0.418336959948647,7.98780642519705
0.818190717420866,-0.120782722252013,8.13961216108873
-0.931508347066644,-0.149674886515288,5.56991075654514
-0.660132237904812,0.532993113967158,4.4760716445744
1.05731226934651,0.124642764763596,2.10729909595102
0.962276269146779,-0.467532857179803,1.53429198428057
-0.484377934862429,0.465541762622341,4.38200733717531
-1.05335313136255,-0.235708496776476,5.58921730751172
-0.0524333034869813,-1.21397910169245,6.6179534252733
-0.705311365240059,-0.905363832420726,5.91015113261528
1.22677458763755,-0.404442372266845,8.1606645535212
-0.849029731366597,-0.804255522058026,6.14026799658313
1.10367525521809,0.992262551196248,2.86732394364662
0.259224689312655,0.958755356799535,3.4041228115093
0.799617234888481,0.125380891007725,2.87130625289865
1.1894338493216,0.41828749039472,2.24787152046338
0.0396751759993288,-1.26419514607481,6.80922848079354
-0.279108556666174,0.954425240304587,3.82701783673838
0.520450293292492,-1.17942852367716,0.636879615252838
-0.699956743302856,-0.376056672324963,5.41424366016872
0.853407080586117,-0.448336469210589,1.43086552061141
-0.495860906469062,-0.904922894667802,0.166067322017625
0.553858281728466,1.07417302630619,2.89987687929533
-0.404327013561806,0.777036072620175,4.4266566184815
-0.904872035477527,0.390681090930367,4.90313533809967
0.970380735261934,-0.151074874869093,1.62314622220583
-0.491890053633542,0.503857701855676,4.78484234539792
0.704275777997426,-0.643208820876505,7.64644386945292
-0.54894722782671,-0.993999319086568,6.32463953644037
0.845477077088812,-0.213024120268216,1.76296492503025
-0.613522532764444,0.649199276402534,4.59252369683236
-0.652172666626403,-0.669703138788251,5.60152856726199
0.879422703765878,-0.326783688114089,1.52215356985107
-0.130073108072209,-0.929095269286645,0.238383937161416
-0.216278291928387,-1.15682880080614,6.50700443610549
0.673287967395622,-0.393464028992449,1.68041183939204
-0.640532774160701,0.198943349404365,4.79154695011675
0.46580093665211,-1.05160769264729,0.506500228308141
-1.30063072465085,0.316330318317706,5.14521384425461
-1.17279418063734,0.192377541019054,4.80268802912906
0.250965892305558,-0.893383075710141,0.58487417246215
0.867939018995078,0.423798099401162,2.58800217323005
-1.15122340184105,0.516608197594964,4.42015932966024
-0.541709240041047,0.553795683056154,4.63537589390762
-0.526678111621411,-0.876816035431782,6.26826547924429
-0.258121180904985,1.06387503739733,4.05615741689689
0.645436641667979,-0.597169687505065,7.47813282720745
-1.09884065113803,-9.47076384085477e-05,5.00966944266111
0.6784098794819,-0.639820619782852,1.12159143621102
-1.15409723461127,0.211530556578712,4.86385214910842
0.611582050083481,0.619139731410964,2.6310712415725
0.796549658471198,0.278575217656638,8.90207181335427
-0.914715789939534,0.232482383481588,4.7989089852199
0.0081298302587654,1.11434262060011,3.35203264444135
0.880646342866789,0.0226018344927056,2.08985868562013
0.883327780599081,-0.0214066089595897,8.54531098273583
0.865941574117821,-0.591385742987422,1.4183470455464
0.58626732869663,0.703347625698078,2.86289224703796
0.941594365808862,-0.0990721536737461,8.57452791882679
1.02378343585409,0.181054255634978,2.23658613860607
0.202752570203069,-1.2060292373367,6.77821623324417
-0.629958616553083,-0.632689663219424,5.94212401332334
-0.367747365666639,0.847184463036531,3.94519376149401
-0.0960805438646582,1.11511873797956,3.87523540528491
-0.587230936762117,-0.819077188295339,6.11520260875113
-0.368505921012277,0.901755285575028,4.15138663072139
0.630778788817532,0.450909575772261,3.10790446540341
-0.173234286118506,-0.936393380188838,6.43356332997791
-0.144790762060809,-0.811041802969856,6.39050299976952
-0.388928838350375,-1.26061786151297,6.51119178975932
1.02107407555594,-0.788762419183476,1.50110628828406
0.777987892559709,-0.670748319611129,8.0890692200046
0.388100280419105,0.999816919614918,3.17323559196666
0.451091832433989,0.975166090749066,3.4581263680011
0.507159671343627,0.547130973989848,2.77268431917764
-0.671951987598037,-0.86198824841034,6.27605739072897
1.32142256786224,-0.25980184021861,8.25987086305395
1.02210031805872,0.408420594670395,2.74748549773358
0.439634727484402,-0.760278057981152,0.889346861746162
1.14550640969977,-0.101211782220615,1.91475086286664
-0.342695207594335,0.601082543609558,4.34972642571665
0.286072848729048,1.04355312968321,3.2819309765473
-0.23575426793884,0.959215268173601,3.85428887419403
0.805129752506022,-0.429423319898429,1.47090110275894
-0.918239293100849,0.567692527158452,4.36084625241347
-0.45439770717696,-1.08011418584531,6.34996197419241
0.974106565400108,0.306379051485259,8.80227401177399
0.485446967515712,-0.927488750730593,7.29431266989559
0.800907154269038,0.793422154806628,3.00276100658812
-0.78795914545378,0.182030415081494,4.76237409445457
-0.122861498586662,-1.00332786255223,0.410000540083274
0.859943201615549,-0.013772669244536,8.29466942371801
1.18346114707466,0.216655495929511,8.9351121399086
0.119587908899761,0.782748510296225,3.18414977705106
0.290785981331995,0.928395670688443,3.62182003562339
-0.335061184145711,0.7714958250406,4.00395674700849
-0.166065542147274,0.791068126052071,3.99691037647426
0.863858317936739,0.235002894191416,8.73689843178727
-0.310024454042101,-0.974222921862037,6.57297030743212
-0.0383841426752324,-1.02626665925892,6.87551523651928
0.720713366299334,0.581273324623848,2.89228018233553
1.05018540522046,-0.741481507942776,7.77764119603671
1.07685070599695,0.335862325653272,2.73657699557953
-0.161284084500138,0.888081746608058,3.73599298973568
1.14103148340837,-0.662526994174809,7.85837042774074
0.612749124388771,-1.070677850435,0.796510576503351
-0.748773620212536,-0.920654644148056,6.02313232258894
0.413708744179012,-0.760951829236763,1.06678829225712
-0.271242197100733,-1.20230782095561,0.287020242540166
-1.51194200809586,-0.271401251773441,5.5279976259917
1.22285998746094,-0.246183842310664,1.99109825352207
-0.405232250309213,-0.821771722430069,0.267719032941386
-0.233502821033312,-1.02651322537657,6.65331771830097
0.862673056887195,-0.803641572117495,7.4713710390497
-0.12135812897556,-1.53199760105165,6.74894851958379
-0.110069249521409,0.94409740229575,3.74049935652874
0.153683908236832,-0.565085105388044,6.50497836037539
0.795635212650259,-0.780951910419263,7.86925384914503
1.29052617349083,0.694798913200922,2.56605236185715
0.613425188377709,0.639527450708667,3.04215686093085
0.37497194587793,0.911864615915952,3.18154749996029
0.901746803291511,-0.777491179418842,7.79788739606738
1.1228911212215,0.222875269094798,2.35696267546155
0.302416169924032,1.15793143896146,3.17242134036496
0.876019499323491,0.118219589395984,8.56040539895184
-0.325359783767286,-0.926971038155253,6.42491510231048
-0.919566582444555,0.0750060752331468,4.81409356137738
-0.435202879558802,0.444415284973842,4.2738003116101
-0.511502150036402,0.896833392746322,4.12563052377664
0.502871481294374,-0.950408747681923,1.01763656688854
1.197072543378,0.443482992575516,2.51935982191935
0.514845701538156,-0.21676041377059,8.19338366668671
0.887341399664318,0.557912787080139,8.90707147819921
1.01060297962359,0.359200371047272,8.52158126165159
-0.00910031207523908,-0.909163344981439,0.629020424326882
-0.466753993366421,-0.391637798689236,6.004453092115
-0.851959411564176,0.632408959923115,4.81837422866374
0.965344890023428,-0.440443309193934,7.78522170963697
-0.957140546322734,-0.322390028647504,5.26722631906159
-0.539544159736659,-0.531723150597122,6.03282267437316
-0.207594068447547,0.572779300451283,3.68710298300721
-0.94101209480276,0.505185303351627,4.91404709871858
0.791798379415405,0.508141183136656,2.650627883384
-0.238545136516369,-1.0984900637298,6.90086169471033
-0.807680903962398,-0.47485651757286,5.7611266777385
0.248485242415048,-0.753853665783033,7.43061448540539
0.248846065261126,-1.24606725295259,0.459086228627712
-0.12259124765589,-0.758439152364568,0.260441828984767
-0.559884774417443,-0.643691700406181,6.48252376564778
-0.345575591703878,-0.509076459371857,6.33698407444172
1.05631545434404,0.478257512378332,2.49654125981033
-0.97875832258407,-0.328448036915539,5.65895552770235
0.635990604122514,1.03499257786913,3.18737735669129
-0.890775628710951,-0.287892161371224,5.49142185878009
-0.644976868060495,-0.590773865840632,6.12077256152406
-0.0323841849982821,-0.966142334754655,0.511672920780256
0.416355204506249,-0.856100923810123,0.704380500130355
0.527673211776997,-0.723364836061213,0.762190226465464
-0.807116028991906,0.351237706822504,4.54859973932616
-0.144571390922843,-0.933952855343022,0.383948216680437
0.36174466620907,0.698682777193921,3.48995758406818
0.573614660164961,-0.739703360911497,1.1641488103196
1.01229560044787,-0.163167794481507,1.9861226552166
0.599089529022795,-1.16972350483099,1.03873179713264
0.199236409449949,-0.953455108240152,6.6900584937539
-0.63235538636703,0.639089654027103,4.42022720002569
-1.14128368369575,0.236596535623716,5.34520232188515
0.969248841275466,0.246318697967234,8.87142063095234
0.80579593044551,0.905375787892424,2.99535498535261
-0.424250462120548,-1.09798951924983,6.23206438939087
0.641893188392696,-0.444604660553951,1.78538194997236
-0.687557799556158,-0.410480713952955,5.54928656620905
-0.673510227785662,0.702786002646618,4.17722651269287
-0.605010665990405,-0.599971566551397,6.12249016854912
-0.17484195735072,1.18818809004243,3.55330928019248
-0.865191523058451,0.248349784155542,4.45887323655188
0.934668611271422,0.319948288414505,2.10315330396406
1.25615526099406,-0.198448864325929,1.91952502727509
-1.16658647481223,0.686166195007522,4.81134259141982
-0.451454962575899,0.899578790893277,4.19345146534033
-0.817294655096529,0.289924105421194,5.02903083642013
-1.02672740782966,0.111060030802063,4.90361857786775
1.16055512227886,0.388256526611047,8.78147296328098
-0.0165286528801659,1.02677681535624,4.13939983025193
-0.331166468134466,-0.840019758277399,6.35838316543959
0.678832060353734,0.104098147390186,2.31821954925545
-0.10845816938927,0.494108577239158,4.25691060069948
1.14702101350175,0.150483705475179,2.00418508029543
0.23000077894618,-1.0241806989585,0.798420491628349
-0.596182011009658,-0.790708280106554,5.99254648969509
0.727213992510584,-0.591601985520491,7.30088632623665
0.422124373482069,-0.739708751145274,0.746296034194529
0.0392102986801845,-0.890674634256439,0.451221484690905
-0.613143354089976,-1.00015597191719,5.90881369938143
-0.00866925518442238,-0.755357712767506,0.699798597721383
0.00754637294320733,-0.948844193600953,0.550506841856986
0.933291169312473,-0.464337805743075,1.72319416701794
0.890590478419695,0.345128021708343,2.5064084760379
0.393757768839856,0.287150668498711,8.77101942454465
-0.317386156564318,1.1208003025198,4.0307038128376
0.0345499090955481,-0.66947774135325,6.76981580187567
0.302056595061936,-0.825760564321049,0.678261919878423
1.01569723755473,0.357251559673105,2.38762658787891
0.699673325661319,-0.0196108903126865,1.84159560478292
0.646488179954721,-0.881262015802917,1.2133598565124
0.953161804530757,-0.223365531385475,1.75478295539506
-0.176284860888838,-0.889577685339292,6.86581633938476
0.890708617918864,-0.0723637277645981,2.04429179965518
-0.639740521718336,0.645053649760305,4.40475646778941
0.842644722999896,0.0321704798561165,8.44263154151849
0.835968738400847,0.40217499246751,2.42406064854003
0.398633673473372,-0.965600828235206,7.40304883033969
0.759540011993593,0.31241748110133,2.51180628337897
0.0967739596921788,0.828091814115333,3.64029710716568
-0.278271572660094,0.990294231297827,3.63943694159389
-0.0695934503750849,-0.905205229597408,6.92008116818033
0.251725751856828,1.22712313972351,3.30685522779822
0.856160035798915,0.0601133382991371,8.76829041726887
1.30851982915343,-0.273465522295295,2.01877849339508
0.445841859690652,-0.638381944640127,1.10814838064834
0.98719384663851,-0.60967038989413,8.14289642754011
0.974182307239936,-0.468271435877372,7.79735802859068
-0.278706064878723,-0.994540383879757,0.218761981464922
-1.13628736094797,0.440828489119693,5.05210710642859
0.708958400201997,-0.697346144805435,1.39931655675173
0.524718730105859,0.984259374776671,3.16519927885383
